feature,mean_abs_shap
thalach,1.5225205417585657
sno,1.4720427498186661
trestbps,0.4139129697811398
age,0.4122794679597451
chol,0.08045478754545754
oldpeak,0.0432703829936609
slope,0.005555777360631216
fbs,0.005313178558766511
cp,0.00021445907369160275
gender,0.0
exang,0.0
restecg,0.0
ca,0.0
thal,0.0
