{
  "0": {
    "precision": 0.9310344827586207,
    "recall": 0.9642857142857143,
    "f1-score": 0.9473684210526315,
    "support": 28.0
  },
  "1": {
    "precision": 0.96875,
    "recall": 0.9393939393939394,
    "f1-score": 0.9538461538461539,
    "support": 33.0
  },
  "accuracy": 0.9508196721311475,
  "macro avg": {
    "precision": 0.9498922413793103,
    "recall": 0.9518398268398269,
    "f1-score": 0.9506072874493927,
    "support": 61.0
  },
  "weighted avg": {
    "precision": 0.9514379592990391,
    "recall": 0.9508196721311475,
    "f1-score": 0.9508727683015862,
    "support": 61.0
  }
}